,date_time,ball,water_level
0,2-24 05:07,半球/一球,0.95
1,2-24 05:15,半球/一球,0.95
2,2-24 05:30,半球/一球,0.95
3,2-24 05:45,半球/一球,0.95
4,2-24 06:00,半球/一球,0.95
5,2-24 06:15,半球/一球,0.95
6,2-24 06:30,半球/一球,0.95
7,2-24 06:45,半球/一球,0.95
8,2-24 07:00,半球/一球,0.95
9,2-24 07:15,半球/一球,0.95
10,2-24 07:30,半球/一球,0.95
11,2-24 07:45,半球/一球,0.95
12,2-24 08:00,半球/一球,0.95
13,2-24 08:15,半球/一球,0.95
14,2-24 08:30,半球/一球,0.95
15,2-24 08:45,半球/一球,0.95
16,2-24 09:00,半球/一球,0.95
17,2-24 09:15,半球/一球,0.95
18,2-24 09:30,半球/一球,0.95
19,2-24 09:45,半球/一球,0.95
20,2-24 10:00,半球/一球,0.95
21,2-24 10:15,半球/一球,0.95
22,2-24 10:30,半球/一球,0.95
23,2-24 10:45,半球/一球,0.95
24,2-24 11:00,半球/一球,0.95
25,2-24 11:15,半球/一球,0.95
26,2-24 11:30,半球/一球,0.95
27,2-24 11:45,半球/一球,0.95
28,2-24 12:00,半球/一球,0.95
29,2-24 12:15,半球/一球,0.95
30,2-24 12:30,半球/一球,0.95
31,2-24 12:45,半球/一球,0.95
32,2-24 13:00,半球/一球,0.95
33,2-24 13:15,半球/一球,0.95
34,2-24 13:30,半球/一球,0.95
35,2-24 13:45,半球/一球,0.95
36,2-24 14:00,半球/一球,0.95
37,2-24 14:15,半球/一球,0.95
38,2-24 14:30,半球/一球,0.95
39,2-24 14:45,半球/一球,0.95
40,2-24 15:00,半球/一球,0.95
41,2-24 15:15,半球/一球,0.95
42,2-24 15:30,半球/一球,0.95
43,2-24 15:45,半球/一球,0.95
44,2-24 16:00,半球/一球,0.95
45,2-24 16:15,半球/一球,0.95
46,2-24 16:30,半球/一球,0.95
47,2-24 16:45,半球/一球,0.95
48,2-24 17:00,半球/一球,0.95
49,2-24 17:15,半球/一球,0.95
50,2-24 17:30,半球/一球,0.95
51,2-24 17:45,半球/一球,0.95
52,2-24 18:00,半球/一球,0.95
53,2-24 18:15,半球/一球,0.95
54,2-24 18:30,半球/一球,0.95
55,2-24 18:45,半球/一球,0.95
56,2-24 19:00,半球/一球,0.95
57,2-24 19:15,半球/一球,0.95
58,2-24 19:30,半球/一球,0.95
59,2-24 19:45,半球/一球,0.95
60,2-24 20:00,半球/一球,0.95
61,2-24 20:10,半球/一球,0.96
62,2-24 20:15,半球/一球,0.96
63,2-24 20:30,半球/一球,0.96
64,2-24 20:45,半球/一球,0.96
65,2-24 21:00,半球/一球,0.96
66,2-24 21:15,半球/一球,0.96
67,2-24 21:30,半球/一球,0.96
68,2-24 21:45,半球/一球,0.96
69,2-24 22:00,半球/一球,0.96
70,2-24 22:15,半球/一球,0.96
71,2-24 22:30,半球/一球,0.96
72,2-24 22:45,半球/一球,0.96
73,2-24 23:00,半球/一球,0.96
74,2-24 23:15,半球/一球,0.96
75,2-24 23:30,半球/一球,0.96
76,2-24 23:45,半球/一球,0.96
77,2-25 00:00,半球/一球,0.96
78,2-25 00:15,半球/一球,0.96
79,2-25 00:30,半球/一球,0.96
80,2-25 00:45,半球/一球,0.96
81,2-25 01:00,半球/一球,0.96
82,2-25 01:15,半球/一球,0.96
83,2-25 01:30,半球/一球,0.96
84,2-25 01:45,半球/一球,0.96
85,2-25 02:00,半球/一球,0.96
86,2-25 02:15,半球/一球,0.96
87,2-25 02:30,半球/一球,0.96
88,2-25 02:45,半球/一球,0.96
89,2-25 03:00,半球/一球,0.96
90,2-25 03:15,半球/一球,0.96
91,2-25 03:30,半球/一球,0.96
92,2-25 03:45,半球/一球,0.96
93,2-25 04:00,半球/一球,0.96
94,2-25 04:15,半球/一球,0.96
95,2-25 04:30,半球/一球,0.96
96,2-25 04:45,半球/一球,0.96
97,2-25 05:00,半球/一球,0.96
98,2-25 05:15,半球/一球,0.96
99,2-25 05:30,半球/一球,0.96
100,2-25 05:45,半球/一球,0.96
101,2-25 06:00,半球/一球,0.96
102,2-25 06:15,半球/一球,0.96
103,2-25 06:30,半球/一球,0.96
104,2-25 06:45,半球/一球,0.96
105,2-25 07:00,半球/一球,0.96
106,2-25 07:15,半球/一球,0.96
107,2-25 07:30,半球/一球,0.96
108,2-25 07:45,半球/一球,0.96
109,2-25 08:00,半球/一球,0.96
110,2-25 08:15,半球/一球,0.96
111,2-25 08:30,半球/一球,0.96
112,2-25 08:45,半球/一球,0.96
113,2-25 09:00,半球/一球,0.96
114,2-25 09:15,半球/一球,0.96
115,2-25 09:30,半球/一球,0.96
116,2-25 09:45,半球/一球,0.96
117,2-25 10:00,半球/一球,0.96
118,2-25 10:15,半球/一球,0.96
119,2-25 10:30,半球/一球,0.96
120,2-25 10:45,半球/一球,0.96
121,2-25 11:00,半球/一球,0.96
122,2-25 11:15,半球/一球,0.96
123,2-25 11:30,半球/一球,0.96
124,2-25 11:45,半球/一球,0.96
125,2-25 12:00,半球/一球,0.96
126,2-25 12:15,半球/一球,0.96
127,2-25 12:30,半球/一球,0.96
128,2-25 12:45,半球/一球,0.96
129,2-25 13:00,半球/一球,0.96
130,2-25 13:15,半球/一球,0.96
131,2-25 13:30,半球/一球,0.96
132,2-25 13:45,半球/一球,0.96
133,2-25 14:00,半球/一球,0.96
134,2-25 14:15,半球/一球,0.96
135,2-25 14:30,半球/一球,0.96
136,2-25 14:45,半球/一球,0.96
137,2-25 15:00,半球/一球,0.96
138,2-25 15:15,半球/一球,0.96
139,2-25 15:30,半球/一球,0.96
140,2-25 15:45,半球/一球,0.96
141,2-25 16:00,半球/一球,0.96
142,2-25 16:15,半球/一球,0.96
143,2-25 16:30,半球/一球,0.96
144,2-25 16:45,半球/一球,0.96
145,2-25 17:00,半球/一球,0.96
146,2-25 17:15,半球/一球,0.96
147,2-25 17:30,半球/一球,0.96
148,2-25 17:45,半球/一球,0.96
149,2-25 18:00,半球/一球,0.96
150,2-25 18:15,半球/一球,0.96
151,2-25 18:30,半球/一球,0.96
152,2-25 18:45,半球/一球,0.96
153,2-25 19:00,半球/一球,0.96
154,2-25 19:15,半球/一球,0.96
155,2-25 19:30,半球/一球,0.96
156,2-25 19:45,半球/一球,0.96
157,2-25 20:00,半球/一球,0.96
158,2-25 20:15,半球/一球,0.96
159,2-25 20:30,半球/一球,0.96
160,2-25 20:45,半球/一球,0.96
161,2-25 21:00,半球/一球,0.96
162,2-25 21:15,半球/一球,0.96
163,2-25 21:30,半球/一球,0.96
164,2-25 21:45,半球/一球,0.96
165,2-25 22:00,半球/一球,0.96
166,2-25 22:15,半球/一球,0.96
167,2-25 22:30,半球/一球,0.96
168,2-25 22:45,半球/一球,0.96
169,2-25 23:00,半球/一球,0.96
170,2-25 23:15,半球/一球,0.96
171,2-25 23:30,半球/一球,0.96
172,2-25 23:45,半球/一球,0.96
173,2-26 00:00,半球/一球,0.96
174,2-26 00:15,半球/一球,0.96
175,2-26 00:30,半球/一球,0.96
176,2-26 00:45,半球/一球,0.96
177,2-26 01:00,半球/一球,0.96
178,2-26 01:15,半球/一球,0.96
179,2-26 01:30,半球/一球,0.96
180,2-26 01:45,半球/一球,0.96
181,2-26 02:00,半球/一球,0.96
182,2-26 02:15,半球/一球,0.96
183,2-26 02:30,半球/一球,0.96
184,2-26 02:45,半球/一球,0.96
185,2-26 03:00,半球/一球,0.96
186,2-26 03:15,半球/一球,0.96
187,2-26 03:30,半球/一球,0.96
188,2-26 03:45,半球/一球,0.96
189,2-26 04:00,半球/一球,0.96
190,2-26 04:15,半球/一球,0.96
191,2-26 04:30,半球/一球,0.96
192,2-26 04:45,半球/一球,0.96
193,2-26 05:00,半球/一球,0.96
194,2-26 05:15,半球/一球,0.96
195,2-26 05:30,半球/一球,0.96
196,2-26 05:45,半球/一球,0.96
197,2-26 06:00,半球/一球,0.96
198,2-26 06:15,半球/一球,0.96
199,2-26 06:30,半球/一球,0.96
200,2-26 06:45,半球/一球,0.96
201,2-26 07:00,半球/一球,0.96
202,2-26 07:15,半球/一球,0.96
203,2-26 07:30,半球/一球,0.96
204,2-26 07:45,半球/一球,0.96
205,2-26 08:00,半球/一球,0.96
206,2-26 08:15,半球/一球,0.96
207,2-26 08:30,半球/一球,0.96
208,2-26 08:45,半球/一球,0.96
209,2-26 09:00,半球/一球,0.96
210,2-26 09:15,半球/一球,0.96
211,2-26 09:30,半球/一球,0.96
212,2-26 09:45,半球/一球,0.96
213,2-26 10:00,半球/一球,0.96
214,2-26 10:15,半球/一球,0.96
215,2-26 10:30,半球/一球,0.96
216,2-26 10:45,半球/一球,0.96
217,2-26 11:00,半球/一球,0.96
218,2-26 11:15,半球/一球,0.96
219,2-26 11:30,半球/一球,0.96
220,2-26 11:45,半球/一球,0.96
221,2-26 12:00,半球/一球,0.96
222,2-26 12:15,半球/一球,0.96
223,2-26 12:30,半球/一球,0.96
224,2-26 12:45,半球/一球,0.96
225,2-26 13:00,半球/一球,0.96
226,2-26 13:15,半球/一球,0.96
227,2-26 13:30,半球/一球,0.96
228,2-26 13:45,半球/一球,0.96
229,2-26 14:00,半球/一球,0.96
230,2-26 14:15,半球/一球,0.96
231,2-26 14:30,半球/一球,0.96
232,2-26 14:45,半球/一球,0.96
233,2-26 15:00,半球/一球,0.96
234,2-26 15:15,半球/一球,0.96
235,2-26 15:30,半球/一球,0.96
236,2-26 15:45,半球/一球,0.96
237,2-26 16:00,半球/一球,0.96
238,2-26 16:15,半球/一球,0.96
239,2-26 16:30,半球/一球,0.96
240,2-26 16:45,半球/一球,0.96
241,2-26 17:00,半球/一球,0.96
242,2-26 17:15,半球/一球,0.96
243,2-26 17:30,半球/一球,0.96
244,2-26 17:45,半球/一球,0.96
245,2-26 18:00,半球/一球,0.96
246,2-26 18:15,半球/一球,0.96
247,2-26 18:30,半球/一球,0.96
248,2-26 18:45,半球/一球,0.96
249,2-26 19:00,半球/一球,0.96
250,2-26 19:15,半球/一球,0.96
251,2-26 19:30,半球/一球,0.96
252,2-26 19:45,半球/一球,0.96
253,2-26 20:00,半球/一球,0.96
254,2-26 20:15,半球/一球,0.96
255,2-26 20:30,半球/一球,0.96
256,2-26 20:45,半球/一球,0.96
257,2-26 21:00,半球/一球,0.96
258,2-26 21:15,半球/一球,0.96
259,2-26 21:30,半球/一球,0.96
260,2-26 21:45,半球/一球,0.96
261,2-26 22:00,半球/一球,0.96
262,2-26 22:15,半球/一球,0.96
263,2-26 22:30,半球/一球,0.96
264,2-26 22:45,半球/一球,0.96
265,2-26 23:00,半球/一球,0.96
266,2-26 23:15,半球/一球,0.96
267,2-26 23:30,半球/一球,0.96
268,2-26 23:45,半球/一球,0.96
269,2-27 00:00,半球/一球,0.96
270,2-27 00:15,半球/一球,0.96
271,2-27 00:30,半球/一球,0.96
272,2-27 00:45,半球/一球,0.96
273,2-27 01:00,半球/一球,0.96
274,2-27 01:15,半球/一球,0.96
275,2-27 01:30,半球/一球,0.96
276,2-27 01:45,半球/一球,0.96
277,2-27 02:00,半球/一球,0.96
278,2-27 02:15,半球/一球,0.96
279,2-27 02:30,半球/一球,0.96
280,2-27 02:45,半球/一球,0.96
281,2-27 03:00,半球/一球,0.96
282,2-27 03:15,半球/一球,0.96
283,2-27 03:30,半球/一球,0.96
284,2-27 03:45,半球/一球,0.96
285,2-27 04:00,半球/一球,0.96
286,2-27 04:15,半球/一球,0.96
287,2-27 04:30,半球/一球,0.96
288,2-27 04:45,半球/一球,0.96
289,2-27 05:00,半球/一球,0.96
290,2-27 05:15,半球/一球,0.96
291,2-27 05:30,半球/一球,0.96
292,2-27 05:45,半球/一球,0.96
293,2-27 06:00,半球/一球,0.96
294,2-27 06:15,半球/一球,0.96
295,2-27 06:30,半球/一球,0.96
296,2-27 06:45,半球/一球,0.96
297,2-27 07:00,半球/一球,0.96
298,2-27 07:15,半球/一球,0.96
299,2-27 07:30,半球/一球,0.96
300,2-27 07:45,半球/一球,0.96
301,2-27 08:00,半球/一球,0.96
302,2-27 08:15,半球/一球,0.96
303,2-27 08:30,半球/一球,0.96
304,2-27 08:45,半球/一球,0.96
305,2-27 09:00,半球/一球,0.96
306,2-27 09:15,半球/一球,0.96
307,2-27 09:30,半球/一球,0.96
308,2-27 09:45,半球/一球,0.96
309,2-27 10:00,半球/一球,0.96
310,2-27 10:15,半球/一球,0.96
311,2-27 10:30,半球/一球,0.96
312,2-27 10:45,半球/一球,0.96
313,2-27 11:00,半球/一球,0.96
314,2-27 11:15,半球/一球,0.96
315,2-27 11:30,半球/一球,0.96
316,2-27 11:45,半球/一球,0.96
317,2-27 12:00,半球/一球,0.96
318,2-27 12:15,半球/一球,0.96
319,2-27 12:30,半球/一球,0.96
320,2-27 12:45,半球/一球,0.96
321,2-27 13:00,半球/一球,0.96
322,2-27 13:15,半球/一球,0.96
323,2-27 13:30,半球/一球,0.96
324,2-27 13:45,半球/一球,0.96
325,2-27 14:00,半球/一球,0.96
326,2-27 14:15,半球/一球,0.96
327,2-27 14:30,半球/一球,0.96
328,2-27 14:45,半球/一球,0.96
329,2-27 15:00,半球/一球,0.96
330,2-27 15:15,半球/一球,0.96
331,2-27 15:30,半球/一球,0.96
332,2-27 15:45,半球/一球,0.96
333,2-27 16:00,半球/一球,0.96
334,2-27 16:15,半球/一球,0.96
335,2-27 16:30,半球/一球,0.96
336,2-27 16:45,半球/一球,0.96
337,2-27 17:00,半球/一球,0.96
338,2-27 17:15,半球/一球,0.96
339,2-27 17:30,半球/一球,0.96
340,2-27 17:45,半球/一球,0.96
341,2-27 18:00,半球/一球,0.96
342,2-27 18:15,半球/一球,0.96
343,2-27 18:30,半球/一球,0.96
344,2-27 18:45,半球/一球,0.96
345,2-27 19:00,半球/一球,0.96
346,2-27 19:15,半球/一球,0.96
347,2-27 19:30,半球/一球,0.96
348,2-27 19:45,半球/一球,0.96
349,2-27 20:00,半球/一球,0.96
350,2-27 20:15,半球/一球,0.96
351,2-27 20:30,半球/一球,0.96
352,2-27 20:45,半球/一球,0.96
353,2-27 21:00,半球/一球,0.96
354,2-27 21:15,半球/一球,0.96
355,2-27 21:30,半球/一球,0.96
356,2-27 21:45,半球/一球,0.96
357,2-27 22:00,半球/一球,0.96
358,2-27 22:15,半球/一球,0.96
359,2-27 22:30,半球/一球,0.96
360,2-27 22:45,半球/一球,0.96
361,2-27 23:00,半球/一球,0.96
362,2-27 23:15,半球/一球,0.96
363,2-27 23:30,半球/一球,0.96
364,2-27 23:45,半球/一球,0.96
365,2-28 00:00,半球/一球,0.96
366,2-28 00:15,半球/一球,0.96
367,2-28 00:30,半球/一球,0.96
368,2-28 00:45,半球/一球,0.96
369,2-28 01:00,半球/一球,0.96
370,2-28 01:15,半球/一球,0.96
371,2-28 01:30,半球/一球,0.96
372,2-28 01:45,半球/一球,0.96
373,2-28 02:00,半球/一球,0.96
374,2-28 02:15,半球/一球,0.96
375,2-28 02:30,半球/一球,0.96
376,2-28 02:45,半球/一球,0.96
377,2-28 03:00,半球/一球,0.96
378,2-28 03:15,半球/一球,0.96
379,2-28 03:30,半球/一球,0.96
380,2-28 03:45,半球/一球,0.96
381,2-28 04:00,半球/一球,0.96
382,2-28 04:15,半球/一球,0.96
383,2-28 04:30,半球/一球,0.96
384,2-28 04:45,半球/一球,0.96
385,2-28 05:00,半球/一球,0.96
386,2-28 05:15,半球/一球,0.96
387,2-28 05:30,半球/一球,0.96
388,2-28 05:45,半球/一球,0.96
389,2-28 06:00,半球/一球,0.96
390,2-28 06:15,半球/一球,0.96
391,2-28 06:30,半球/一球,0.96
392,2-28 06:45,半球/一球,0.96
393,2-28 07:00,半球/一球,0.96
394,2-28 07:15,半球/一球,0.96
395,2-28 07:30,半球/一球,0.96
396,2-28 07:45,半球/一球,0.96
397,2-28 08:00,半球/一球,0.96
398,2-28 08:15,半球/一球,0.96
399,2-28 08:30,半球/一球,0.96
400,2-28 08:45,半球/一球,0.96
401,2-28 09:00,半球/一球,0.96
402,2-28 09:15,半球/一球,0.96
403,2-28 09:18,半球/一球,0.97
404,2-28 09:30,半球/一球,0.97
405,2-28 09:45,半球/一球,0.97
406,2-28 10:00,半球/一球,0.97
407,2-28 10:15,半球/一球,0.97
408,2-28 10:30,半球/一球,0.97
409,2-28 10:45,半球/一球,0.97
410,2-28 11:00,半球/一球,0.97
411,2-28 11:15,半球/一球,0.97
412,2-28 11:30,半球/一球,0.97
413,2-28 11:45,半球/一球,0.97
414,2-28 12:00,半球/一球,0.97
415,2-28 12:15,半球/一球,0.97
416,2-28 12:30,半球/一球,0.97
417,2-28 12:45,半球/一球,0.97
418,2-28 13:00,半球/一球,0.97
419,2-28 13:15,半球/一球,0.97
420,2-28 13:30,半球/一球,0.97
421,2-28 13:45,半球/一球,0.97
422,2-28 14:00,半球/一球,0.97
423,2-28 14:15,半球/一球,0.97
424,2-28 14:30,半球/一球,0.97
425,2-28 14:45,半球/一球,0.97
426,2-28 15:00,半球/一球,0.97
427,2-28 15:15,半球/一球,0.97
428,2-28 15:30,半球/一球,0.97
429,2-28 15:45,半球/一球,0.97
430,2-28 16:00,半球/一球,0.97
431,2-28 16:15,半球/一球,0.97
432,2-28 16:30,半球/一球,0.97
433,2-28 16:45,半球/一球,0.97
434,2-28 17:00,半球/一球,0.97
435,2-28 17:15,半球/一球,0.97
436,2-28 17:30,半球/一球,0.97
437,2-28 17:45,半球/一球,0.97
438,2-28 18:00,半球/一球,0.97
439,2-28 18:15,半球/一球,0.97
440,2-28 18:30,半球/一球,0.97
441,2-28 18:45,半球/一球,0.97
442,2-28 19:00,半球/一球,0.97
443,2-28 19:15,半球/一球,0.97
444,2-28 19:30,半球/一球,0.97
445,2-28 19:45,半球/一球,0.97
446,2-28 20:00,半球/一球,0.97
447,2-28 20:15,半球/一球,0.97
448,2-28 20:30,半球/一球,0.97
449,2-28 20:45,半球/一球,0.97
450,2-28 21:00,半球/一球,0.97
451,2-28 21:15,半球/一球,0.97
452,2-28 21:30,半球/一球,0.97
453,2-28 21:45,半球/一球,0.97
454,2-28 22:00,半球/一球,0.97
455,2-28 22:15,半球/一球,0.97
456,2-28 22:30,半球/一球,0.97
457,2-28 22:45,半球/一球,0.97
458,2-28 23:00,半球/一球,0.97
459,2-28 23:15,半球/一球,0.97
460,2-28 23:30,半球/一球,0.97
461,2-28 23:45,半球/一球,0.97
462,2-29 00:00,半球/一球,0.97
463,2-29 00:15,半球/一球,0.97
464,2-29 00:30,半球/一球,0.97
465,2-29 00:45,半球/一球,0.97
466,2-29 01:00,半球/一球,0.97
467,2-29 01:15,半球/一球,0.97
468,2-29 01:30,半球/一球,0.97
469,2-29 01:45,半球/一球,0.97
470,2-29 02:00,半球/一球,0.97
471,2-29 02:15,半球/一球,0.97
472,2-29 02:30,半球/一球,0.97
473,2-29 02:45,半球/一球,0.97
474,2-29 03:00,半球/一球,0.97
475,2-29 03:15,半球/一球,0.97
476,2-29 03:30,半球/一球,0.97
477,2-29 03:45,半球/一球,0.97
478,2-29 04:00,半球/一球,0.97
479,2-29 04:15,半球/一球,0.97
480,2-29 04:30,半球/一球,0.97
481,2-29 04:45,半球/一球,0.97
482,2-29 05:00,半球/一球,0.97
483,2-29 05:15,半球/一球,0.97
484,2-29 05:30,半球/一球,0.97
485,2-29 05:45,半球/一球,0.97
486,2-29 06:00,半球/一球,0.97
487,2-29 06:15,半球/一球,0.97
488,2-29 06:30,半球/一球,0.97
489,2-29 06:45,半球/一球,0.97
490,2-29 07:00,半球/一球,0.97
491,2-29 07:15,半球/一球,0.97
492,2-29 07:30,半球/一球,0.97
493,2-29 07:45,半球/一球,0.97
494,2-29 08:00,半球/一球,0.97
495,2-29 08:15,半球/一球,0.97
496,2-29 08:30,半球/一球,0.97
497,2-29 08:45,半球/一球,0.97
498,2-29 09:00,半球/一球,0.97
499,2-29 09:15,半球/一球,0.97
500,2-29 09:30,半球/一球,0.97
501,2-29 09:45,半球/一球,0.97
502,2-29 10:00,半球/一球,0.97
503,2-29 10:15,半球/一球,0.97
504,2-29 10:30,半球/一球,0.97
505,2-29 10:45,半球/一球,0.97
506,2-29 11:00,半球/一球,0.97
507,2-29 11:15,半球/一球,0.97
508,2-29 11:30,半球/一球,0.97
509,2-29 11:45,半球/一球,0.97
510,2-29 12:00,半球/一球,0.97
511,2-29 12:15,半球/一球,0.97
512,2-29 12:30,半球/一球,0.97
513,2-29 12:45,半球/一球,0.97
514,2-29 13:00,半球/一球,0.97
515,2-29 13:15,半球/一球,0.97
516,2-29 13:30,半球/一球,0.97
517,2-29 13:45,半球/一球,0.97
518,2-29 14:00,半球/一球,0.97
519,2-29 14:15,半球/一球,0.97
520,2-29 14:30,半球/一球,0.97
521,2-29 14:45,半球/一球,0.97
522,2-29 15:00,半球/一球,0.97
523,2-29 15:15,半球/一球,0.97
524,2-29 15:30,半球/一球,0.97
525,2-29 15:45,半球/一球,0.97
526,2-29 16:00,半球/一球,0.97
527,2-29 16:15,半球/一球,0.97
528,2-29 16:30,半球/一球,0.97
529,2-29 16:45,半球/一球,0.97
530,2-29 17:00,半球/一球,0.97
531,2-29 17:15,半球/一球,0.97
532,2-29 17:30,半球/一球,0.97
533,2-29 17:45,半球/一球,0.97
534,2-29 18:00,半球/一球,0.97
535,2-29 18:15,半球/一球,0.97
536,2-29 18:30,半球/一球,0.97
537,2-29 18:45,半球/一球,0.97
538,2-29 19:00,半球/一球,0.97
539,2-29 19:15,半球/一球,0.97
540,2-29 19:30,半球/一球,0.97
541,2-29 19:45,半球/一球,0.97
542,2-29 20:00,半球/一球,0.97
543,2-29 20:15,半球/一球,0.97
544,2-29 20:30,半球/一球,0.97
545,2-29 20:45,半球/一球,0.97
546,2-29 21:00,半球/一球,0.97
547,2-29 21:15,半球/一球,0.97
548,2-29 21:30,半球/一球,0.97
549,2-29 21:45,半球/一球,0.97
550,2-29 22:00,半球/一球,0.97
551,2-29 22:15,半球/一球,0.97
552,2-29 22:30,半球/一球,0.97
553,2-29 22:45,半球/一球,0.97
554,2-29 23:00,半球/一球,0.97
555,2-29 23:15,半球/一球,0.97
556,2-29 23:30,半球/一球,0.97
557,2-29 23:45,半球/一球,0.97
558,3-1 00:00,半球/一球,0.97
559,3-1 00:15,半球/一球,0.97
560,3-1 00:30,半球/一球,0.97
561,3-1 00:45,半球/一球,0.97
562,3-1 00:56,半球/一球,0.98
563,3-1 01:00,半球/一球,0.98
564,3-1 01:15,半球/一球,0.98
565,3-1 01:30,半球/一球,0.98
566,3-1 01:45,半球/一球,0.98
567,3-1 02:00,半球/一球,0.98
568,3-1 02:15,半球/一球,0.98
569,3-1 02:30,半球/一球,0.98
570,3-1 02:38,半球/一球,0.99
571,3-1 02:45,半球/一球,0.99
572,3-1 03:00,半球/一球,0.99
573,3-1 03:02,半球/一球,0.95
574,3-1 03:15,半球/一球,0.95
575,3-1 03:30,半球/一球,0.95
576,3-1 03:45,半球/一球,0.95
577,3-1 04:00,半球/一球,0.95
578,3-1 04:15,半球/一球,0.95
579,3-1 04:30,半球/一球,0.95
580,3-1 04:45,半球/一球,0.95
581,3-1 05:00,半球/一球,0.95
582,3-1 05:15,半球/一球,0.95
583,3-1 05:30,半球/一球,0.95
584,3-1 05:45,半球/一球,0.95
585,3-1 06:00,半球/一球,0.95
586,3-1 06:15,半球/一球,0.95
587,3-1 06:30,半球/一球,0.95
588,3-1 06:45,半球/一球,0.95
589,3-1 07:00,半球/一球,0.95
590,3-1 07:15,半球/一球,0.95
591,3-1 07:30,半球/一球,0.95
592,3-1 07:45,半球/一球,0.95
593,3-1 08:00,半球/一球,0.95
594,3-1 08:15,半球/一球,0.95
595,3-1 08:30,半球/一球,0.95
596,3-1 08:45,半球/一球,0.95
597,3-1 09:00,半球/一球,0.95
598,3-1 09:15,半球/一球,0.95
599,3-1 09:30,半球/一球,0.95
600,3-1 09:45,半球/一球,0.95
601,3-1 09:56,半球/一球,0.94
602,3-1 10:00,半球/一球,0.94
603,3-1 10:15,半球/一球,0.94
604,3-1 10:30,半球/一球,0.94
605,3-1 10:45,半球/一球,0.94
606,3-1 11:00,半球/一球,0.94
607,3-1 11:15,半球/一球,0.94
608,3-1 11:30,半球/一球,0.94
609,3-1 11:45,半球/一球,0.94
610,3-1 12:00,半球/一球,0.94
611,3-1 12:15,半球/一球,0.94
612,3-1 12:30,半球/一球,0.94
613,3-1 12:45,半球/一球,0.94
614,3-1 13:00,半球/一球,0.94
615,3-1 13:15,半球/一球,0.94
616,3-1 13:30,半球/一球,0.94
617,3-1 13:45,半球/一球,0.94
618,3-1 14:00,半球/一球,0.94
619,3-1 14:15,半球/一球,0.94
620,3-1 14:30,半球/一球,0.94
621,3-1 14:45,半球/一球,0.94
622,3-1 15:00,半球/一球,0.94
623,3-1 15:15,半球/一球,0.94
624,3-1 15:30,半球/一球,0.94
625,3-1 15:45,半球/一球,0.94
626,3-1 16:00,半球/一球,0.94
627,3-1 16:15,半球/一球,0.94
628,3-1 16:18,半球/一球,0.95
629,3-1 16:30,半球/一球,0.95
630,3-1 16:45,半球/一球,0.95
631,3-1 17:00,半球/一球,0.95
632,3-1 17:15,半球/一球,0.95
633,3-1 17:30,半球/一球,0.95
634,3-1 17:45,半球/一球,0.95
635,3-1 18:00,半球/一球,0.95
636,3-1 18:15,半球/一球,0.95
637,3-1 18:30,半球/一球,0.95
638,3-1 18:45,半球/一球,0.95
639,3-1 19:00,半球/一球,0.95
640,3-1 19:15,半球/一球,0.95
641,3-1 19:30,半球/一球,0.95
642,3-1 19:45,半球/一球,0.95
643,3-1 20:00,半球/一球,0.95
644,3-1 20:15,半球/一球,0.95
645,3-1 20:30,半球/一球,0.95
646,3-1 20:45,半球/一球,0.95
647,3-1 21:00,半球/一球,0.95
648,3-1 21:15,半球/一球,0.95
649,3-1 21:30,半球/一球,0.95
650,3-1 21:45,半球/一球,0.95
651,3-1 22:00,半球/一球,0.95
652,3-1 22:15,半球/一球,0.95
653,3-1 22:30,半球/一球,0.95
654,3-1 22:45,半球/一球,0.95
655,3-1 23:00,半球/一球,0.95
656,3-1 23:15,半球/一球,0.95
657,3-1 23:30,半球/一球,0.95
658,3-1 23:45,半球/一球,0.95
659,3-2 00:00,半球/一球,0.95
660,3-2 00:15,半球/一球,0.95
661,3-2 00:15,半球/一球,0.94
662,3-2 00:30,半球/一球,0.94
663,3-2 00:42,半球/一球,0.95
664,3-2 00:45,半球/一球,0.95
665,3-2 01:00,半球/一球,0.95
666,3-2 01:15,半球/一球,0.95
667,3-2 01:30,半球/一球,0.95
668,3-2 01:45,半球/一球,0.95
669,3-2 02:00,半球/一球,0.95
670,3-2 02:06,半球/一球,0.96
671,3-2 02:15,半球/一球,0.96
672,3-2 02:30,半球/一球,0.96
673,3-2 02:45,半球/一球,0.96
674,3-2 03:00,半球/一球,0.96
675,3-2 03:15,半球/一球,0.96
676,3-2 03:30,半球/一球,0.96
677,3-2 03:45,半球/一球,0.96
678,3-2 04:00,半球/一球,0.96
679,3-2 04:15,半球/一球,0.96
680,3-2 04:30,半球/一球,0.96
681,3-2 04:45,半球/一球,0.96
682,3-2 05:00,半球/一球,0.96
683,3-2 05:15,半球/一球,0.96
684,3-2 05:30,半球/一球,0.96
685,3-2 05:30,半球/一球,0.95
686,3-2 05:45,半球/一球,0.95
687,3-2 06:00,半球/一球,0.95
688,3-2 06:01,半球/一球,0.94
689,3-2 06:15,半球/一球,0.94
690,3-2 06:30,半球/一球,0.94
691,3-2 06:45,半球/一球,0.94
692,3-2 07:00,半球/一球,0.94
693,3-2 07:15,半球/一球,0.94
694,3-2 07:30,半球/一球,0.94
695,3-2 07:45,半球/一球,0.94
696,3-2 08:00,半球/一球,0.94
697,3-2 08:15,半球/一球,0.94
698,3-2 08:30,半球/一球,0.94
699,3-2 08:45,半球/一球,0.94
700,3-2 09:00,半球/一球,0.94
701,3-2 09:15,半球/一球,0.94
702,3-2 09:30,半球/一球,0.94
703,3-2 09:45,半球/一球,0.94
704,3-2 10:00,半球/一球,0.94
705,3-2 10:15,半球/一球,0.94
706,3-2 10:30,半球/一球,0.94
707,3-2 10:45,半球/一球,0.94
708,3-2 11:00,半球/一球,0.94
709,3-2 11:15,半球/一球,0.94
710,3-2 11:30,半球/一球,0.94
711,3-2 11:45,半球/一球,0.94
712,3-2 12:00,半球/一球,0.94
713,3-2 12:15,半球/一球,0.94
714,3-2 12:30,半球/一球,0.94
715,3-2 12:45,半球/一球,0.94
716,3-2 13:00,半球/一球,0.94
717,3-2 13:15,半球/一球,0.94
718,3-2 13:30,半球/一球,0.94
719,3-2 13:45,半球/一球,0.94
720,3-2 14:00,半球/一球,0.94
721,3-2 14:15,半球/一球,0.94
722,3-2 14:30,半球/一球,0.94
723,3-2 14:45,半球/一球,0.94
724,3-2 15:00,半球/一球,0.94
725,3-2 15:15,半球/一球,0.94
726,3-2 15:30,半球/一球,0.94
727,3-2 15:45,半球/一球,0.94
728,3-2 16:00,半球/一球,0.94
729,3-2 16:15,半球/一球,0.94
730,3-2 16:30,半球/一球,0.94
731,3-2 16:45,半球/一球,0.94
732,3-2 17:00,半球/一球,0.94
733,3-2 17:15,半球/一球,0.94
734,3-2 17:30,半球/一球,0.94
735,3-2 17:45,半球/一球,0.94
736,3-2 18:00,半球/一球,0.94
737,3-2 18:15,半球/一球,0.94
738,3-2 18:30,半球/一球,0.94
739,3-2 18:45,半球/一球,0.94
740,3-2 19:00,半球/一球,0.94
741,3-2 19:13,半球/一球,0.96
742,3-2 19:15,半球/一球,0.96
743,3-2 19:26,半球/一球,0.98
744,3-2 19:30,半球/一球,0.98
745,3-2 19:41,半球/一球,0.97
746,3-2 19:45,半球/一球,0.97
747,3-2 20:00,半球/一球,0.97
748,3-2 20:15,半球/一球,0.97
749,3-2 20:25,半球/一球,0.98
750,3-2 20:30,半球/一球,0.98
751,3-2 20:45,半球/一球,0.98
752,3-2 21:00,半球/一球,0.98
753,3-2 21:15,半球/一球,0.98
754,3-2 21:30,半球/一球,0.98
755,3-2 21:45,半球/一球,0.98
756,3-2 22:00,半球/一球,0.98
757,3-2 22:15,半球/一球,0.98
758,3-2 22:30,半球/一球,0.98
759,3-2 22:45,半球/一球,0.98
760,3-2 23:00,半球/一球,0.98
761,3-2 23:15,半球/一球,0.98
762,3-2 23:30,半球/一球,0.98
763,3-2 23:45,半球/一球,0.98
764,3-3 00:00,半球/一球,0.98
765,3-3 00:15,半球/一球,0.98
766,3-3 00:30,半球/一球,0.98
767,3-3 00:45,半球/一球,0.98
768,3-3 01:00,半球/一球,0.98
769,3-3 01:15,半球/一球,0.98
770,3-3 01:30,半球/一球,0.98
771,3-3 01:45,半球/一球,0.98
772,3-3 02:00,半球/一球,0.98
773,3-3 02:15,半球/一球,0.98
774,3-3 02:20,半球/一球,0.99
775,3-3 02:30,半球/一球,0.99
776,3-3 02:45,半球/一球,0.99
777,3-3 03:00,半球/一球,0.99
778,3-3 03:15,半球/一球,0.99
779,3-3 03:30,半球/一球,0.99
780,3-3 03:45,半球/一球,0.99
781,3-3 03:53,半球/一球,0.97
782,3-3 04:00,半球/一球,0.97
783,3-3 04:15,半球/一球,0.97
784,3-3 04:30,半球/一球,0.97
785,3-3 04:45,半球/一球,0.97
786,3-3 05:00,半球/一球,0.97
787,3-3 05:03,半球/一球,0.98
788,3-3 05:15,半球/一球,0.98
789,3-3 05:30,半球/一球,0.98
790,3-3 05:45,半球/一球,0.98
791,3-3 06:00,半球/一球,0.98
792,3-3 06:15,半球/一球,0.98
793,3-3 06:30,半球/一球,0.98
794,3-3 06:45,半球/一球,0.98
795,3-3 07:00,半球/一球,0.98
796,3-3 07:15,半球/一球,0.98
797,3-3 07:17,半球/一球,0.97
798,3-3 07:30,半球/一球,0.97
799,3-3 07:45,半球/一球,0.97
800,3-3 08:00,半球/一球,0.97
801,3-3 08:15,半球/一球,0.97
802,3-3 08:30,半球/一球,0.97
803,3-3 08:45,半球/一球,0.97
804,3-3 09:00,半球/一球,0.97
805,3-3 09:15,半球/一球,0.97
806,3-3 09:30,半球/一球,0.97
807,3-3 09:45,半球/一球,0.97
808,3-3 10:00,半球/一球,0.97
809,3-3 10:15,半球/一球,0.97
810,3-3 10:30,半球/一球,0.97
811,3-3 10:45,半球/一球,0.97
812,3-3 11:00,半球/一球,0.97
813,3-3 11:15,半球/一球,0.97
814,3-3 11:30,半球/一球,0.97
815,3-3 11:45,半球/一球,0.97
816,3-3 12:00,半球/一球,0.97
817,3-3 12:15,半球/一球,0.97
818,3-3 12:30,半球/一球,0.97
819,3-3 12:45,半球/一球,0.97
820,3-3 13:00,半球/一球,0.97
821,3-3 13:15,半球/一球,0.97
822,3-3 13:30,半球/一球,0.97
823,3-3 13:45,半球/一球,0.97
824,3-3 14:00,半球/一球,0.97
825,3-3 14:15,半球/一球,0.97
826,3-3 14:30,半球/一球,0.97
827,3-3 14:45,半球/一球,0.97
828,3-3 15:00,半球/一球,0.97
829,3-3 15:15,半球/一球,0.97
830,3-3 15:25,半球/一球,0.98
831,3-3 15:30,半球/一球,0.98
832,3-3 15:45,半球/一球,0.98
833,3-3 16:00,半球/一球,0.98
834,3-3 16:15,半球/一球,0.98
835,3-3 16:30,半球/一球,0.98
836,3-3 16:45,半球/一球,0.98
837,3-3 17:00,半球/一球,0.98
838,3-3 17:15,半球/一球,0.98
839,3-3 17:30,半球/一球,0.98
840,3-3 17:45,半球/一球,0.98
841,3-3 18:00,半球/一球,0.98
842,3-3 18:15,半球/一球,0.98
843,3-3 18:30,半球/一球,0.98
844,3-3 18:45,半球/一球,0.98
845,3-3 19:00,半球/一球,0.98
846,3-3 19:15,半球/一球,0.98
847,3-3 19:30,半球/一球,0.98
848,3-3 19:45,半球/一球,0.98
849,3-3 20:00,半球/一球,0.98
850,3-3 20:11,半球/一球,1.01
851,3-3 20:15,半球/一球,1.01
852,3-3 20:30,半球/一球,1.01
853,3-3 20:45,半球/一球,1.01
854,3-3 21:00,半球/一球,1.01
855,3-3 21:15,半球/一球,1.01
856,3-3 21:30,半球/一球,1.01
857,3-3 21:43,半球/一球,1.03
858,3-3 21:45,半球/一球,1.03
859,3-3 21:59,半球/一球,1.02
860,3-3 22:00,半球/一球,1.02
861,3-3 22:15,半球/一球,1.02
862,3-3 22:30,半球/一球,1.02
863,3-3 22:45,半球/一球,1.02
864,3-3 23:00,半球/一球,1.02
865,3-3 23:15,半球/一球,1.02
866,3-3 23:30,半球/一球,1.02
867,3-3 23:45,半球/一球,1.02
868,3-4 00:00,半球/一球,1.02
869,3-4 00:15,半球/一球,1.02
870,3-4 00:30,半球/一球,1.02
871,3-4 00:45,半球/一球,1.02
872,3-4 01:00,半球/一球,1.02
873,3-4 01:15,半球/一球,1.02
874,3-4 01:30,半球/一球,1.02
875,3-4 01:45,半球/一球,1.02
876,3-4 02:00,半球/一球,1.02
877,3-4 02:15,半球/一球,1.02
878,3-4 02:30,半球/一球,1.02
879,3-4 02:45,半球/一球,1.02
880,3-4 03:00,半球/一球,1.02
881,3-4 03:15,半球/一球,1.02
882,3-4 03:30,半球/一球,1.02
883,3-4 03:45,半球/一球,1.02
884,3-4 04:00,半球/一球,1.02
885,3-4 04:15,半球/一球,1.02
886,3-4 04:30,半球/一球,1.02
887,3-4 04:45,半球/一球,1.02
888,3-4 05:00,半球/一球,1.02
889,3-4 05:05,半球/一球,1.04
890,3-4 05:15,半球/一球,1.04
891,3-4 05:30,半球/一球,1.04
892,3-4 05:45,半球/一球,1.04
893,3-4 06:00,半球/一球,1.04
894,3-4 06:15,半球/一球,1.04
895,3-4 06:26,半球/一球,1.05
896,3-4 06:30,半球/一球,1.05
897,3-4 06:37,半球/一球,1.07
898,3-4 06:45,半球/一球,1.07
899,3-4 07:00,半球/一球,1.07
900,3-4 07:15,半球/一球,1.07
901,3-4 07:30,半球/一球,1.07
902,3-4 07:42,半球/一球,1.08
903,3-4 07:45,半球/一球,1.08
904,3-4 08:00,半球/一球,1.08
905,3-4 08:15,半球/一球,1.08
906,3-4 08:30,半球/一球,1.08
907,3-4 08:45,半球/一球,1.08
908,3-4 09:00,半球/一球,1.08
909,3-4 09:15,半球/一球,1.08
910,3-4 09:30,半球/一球,1.08
911,3-4 09:45,半球/一球,1.08
912,3-4 10:00,半球/一球,1.08
913,3-4 10:15,半球/一球,1.08
914,3-4 10:30,半球/一球,1.08
915,3-4 10:45,半球/一球,1.08
916,3-4 11:00,半球/一球,1.08
917,3-4 11:15,半球/一球,1.08
918,3-4 11:30,半球/一球,1.08
919,3-4 11:45,半球/一球,1.08
920,3-4 12:00,半球/一球,1.08
921,3-4 12:15,半球/一球,1.08
922,3-4 12:30,半球/一球,1.08
923,3-4 12:45,半球/一球,1.08
924,3-4 13:00,半球/一球,1.08
925,3-4 13:15,半球/一球,1.08
926,3-4 13:30,半球/一球,1.08
927,3-4 13:45,半球/一球,1.08
928,3-4 14:00,半球/一球,1.08
929,3-4 14:15,半球/一球,1.08
930,3-4 14:30,半球/一球,1.08
931,3-4 14:44,半球/一球,1.07
932,3-4 14:45,半球/一球,1.07
933,3-4 15:00,半球/一球,1.07
934,3-4 15:15,半球/一球,1.07
935,3-4 15:30,半球/一球,1.07
936,3-4 15:45,半球/一球,1.07
937,3-4 16:00,半球/一球,1.07
938,3-4 16:15,半球/一球,1.07
939,3-4 16:30,半球/一球,1.07
940,3-4 16:41,半球/一球,1.08
941,3-4 16:45,半球/一球,1.08
942,3-4 17:00,半球/一球,1.08
943,3-4 17:15,半球/一球,1.08
944,3-4 17:30,半球/一球,1.08
945,3-4 17:45,半球/一球,1.08
946,3-4 18:00,半球/一球,1.08
947,3-4 18:15,半球/一球,1.08
948,3-4 18:30,半球/一球,1.08
949,3-4 18:37,半球/一球,1.09
950,3-4 18:45,半球/一球,1.09
951,3-4 19:00,半球/一球,1.09
952,3-4 19:15,半球/一球,1.09
953,3-4 19:24,半球,0.87
954,3-4 19:30,半球,0.87
955,3-4 19:45,半球,0.87
956,3-4 20:00,半球,0.87
957,3-4 20:15,半球,0.87
958,3-4 20:30,半球,0.87
959,3-4 20:45,半球,0.87
960,3-4 21:00,半球,0.87
961,3-4 21:03,半球,0.88
962,3-4 21:15,半球,0.88
963,3-4 21:30,半球,0.88
964,3-4 21:45,半球,0.88
965,3-4 22:00,半球,0.88
966,3-4 22:15,半球,0.88
967,3-4 22:30,半球,0.88
968,3-4 22:45,半球,0.88
969,3-4 23:00,半球,0.88
970,3-4 23:15,半球,0.88
971,3-4 23:30,半球,0.88
972,3-4 23:45,半球,0.88
973,3-5 00:00,半球,0.88
974,3-5 00:15,半球,0.88
975,3-5 00:30,半球,0.88
976,3-5 00:45,半球,0.88
977,3-5 01:00,半球,0.88
978,3-5 01:10,半球,0.83
979,3-5 01:15,半球,0.83
980,3-5 01:30,半球,0.83
981,3-5 01:45,半球,0.83
982,3-5 01:46,半球,0.84
983,3-5 02:00,半球,0.84
984,3-5 02:15,半球,0.84
985,3-5 02:30,半球,0.84
986,3-5 02:45,半球,0.84
987,3-5 03:00,半球,0.84
988,3-5 03:15,半球,0.84
989,3-5 03:30,半球,0.84
990,3-5 03:45,半球,0.84
991,3-5 04:00,半球,0.84
992,3-5 04:15,半球,0.84
993,3-5 04:30,半球,0.84
994,3-5 04:45,半球,0.84
995,3-5 05:00,半球,0.84
996,3-5 05:15,半球,0.84
997,3-5 05:30,半球,0.84
998,3-5 05:45,半球,0.84
999,3-5 06:00,半球,0.84
1000,3-5 06:15,半球,0.84
1001,3-5 06:30,半球,0.84
1002,3-5 06:45,半球,0.84
1003,3-5 07:00,半球,0.84
1004,3-5 07:15,半球,0.84
1005,3-5 07:30,半球,0.84
1006,3-5 07:45,半球,0.84
1007,3-5 08:00,半球,0.84
1008,3-5 08:15,半球,0.84
1009,3-5 08:30,半球,0.84
1010,3-5 08:45,半球,0.84
1011,3-5 09:00,半球,0.84
1012,3-5 09:15,半球,0.84
1013,3-5 09:30,半球,0.84
1014,3-5 09:45,半球,0.84
1015,3-5 10:00,半球,0.84
1016,3-5 10:15,半球,0.84
1017,3-5 10:30,半球,0.84
1018,3-5 10:45,半球,0.84
1019,3-5 11:00,半球,0.84
1020,3-5 11:15,半球,0.84
1021,3-5 11:30,半球,0.84
1022,3-5 11:45,半球,0.84
1023,3-5 12:00,半球,0.84
1024,3-5 12:15,半球,0.84
1025,3-5 12:30,半球,0.84
1026,3-5 12:45,半球,0.84
1027,3-5 13:00,半球,0.84
1028,3-5 13:15,半球,0.84
1029,3-5 13:30,半球,0.84
1030,3-5 13:45,半球,0.84
1031,3-5 14:00,半球,0.84
1032,3-5 14:15,半球,0.84
1033,3-5 14:30,半球,0.84
1034,3-5 14:45,半球,0.84
1035,3-5 15:00,半球,0.84
1036,3-5 15:15,半球,0.84
1037,3-5 15:30,半球,0.84
1038,3-5 15:45,半球,0.84
1039,3-5 16:00,半球,0.84
1040,3-5 16:15,半球,0.84
1041,3-5 16:30,半球,0.84
1042,3-5 16:45,半球,0.84
1043,3-5 17:00,半球,0.84
1044,3-5 17:15,半球,0.84
1045,3-5 17:30,半球,0.84
1046,3-5 17:45,半球,0.84
1047,3-5 18:00,半球,0.84
1048,3-5 18:15,半球,0.84
1049,3-5 18:15,半球,0.85
1050,3-5 18:30,半球,0.85
1051,3-5 18:45,半球,0.85
1052,3-5 19:00,半球,0.85
1053,3-5 19:09,半球,0.84
1054,3-5 19:15,半球,0.84
1055,3-5 19:30,半球,0.84
1056,3-5 19:45,半球,0.84
1057,3-5 20:00,半球,0.84
1058,3-5 20:15,半球,0.84
1059,3-5 20:24,半球,0.85
1060,3-5 20:30,半球,0.85
1061,3-5 20:45,半球,0.85
1062,3-5 21:00,半球,0.85
1063,3-5 21:15,半球,0.85
1064,3-5 21:30,半球,0.85
1065,3-5 21:45,半球,0.85
1066,3-5 22:00,半球,0.85
1067,3-5 22:15,半球,0.85
1068,3-5 22:30,半球,0.85
1069,3-5 22:45,半球,0.85
1070,3-5 22:47,半球,0.84
1071,3-5 23:00,半球,0.84
1072,3-5 23:15,半球,0.84
1073,3-5 23:30,半球,0.84
1074,3-5 23:45,半球,0.84
1075,3-6 00:00,半球,0.84
1076,3-6 00:15,半球,0.84
1077,3-6 00:30,半球,0.84
1078,3-6 00:41,半球,0.85
1079,3-6 00:45,半球,0.85
1080,3-6 00:58,半球/一球,1.08
1081,3-6 01:00,半球/一球,1.08
1082,3-6 01:15,半球/一球,1.08
1083,3-6 01:26,半球/一球,1.07
1084,3-6 01:30,半球/一球,1.07
1085,3-6 01:45,半球/一球,1.07
1086,3-6 02:00,半球/一球,1.07
1087,3-6 02:15,半球/一球,1.07
1088,3-6 02:30,半球/一球,1.07
1089,3-6 02:45,半球/一球,1.07
1090,3-6 03:00,半球/一球,1.07
1091,3-6 03:15,半球/一球,1.07
1092,3-6 03:30,半球/一球,1.07
1093,3-6 03:45,半球/一球,1.07
1094,3-6 04:00,半球/一球,1.07
1095,3-6 04:15,半球/一球,1.07
1096,3-6 04:30,半球/一球,1.07
1097,3-6 04:45,半球/一球,1.07
1098,3-6 05:00,半球/一球,1.07
1099,3-6 05:15,半球/一球,1.07
1100,3-6 05:30,半球/一球,1.07
1101,3-6 05:45,半球/一球,1.07
1102,3-6 06:00,半球/一球,1.07
1103,3-6 06:15,半球/一球,1.07
1104,3-6 06:30,半球/一球,1.07
1105,3-6 06:45,半球/一球,1.07
1106,3-6 07:00,半球/一球,1.07
1107,3-6 07:15,半球/一球,1.07
1108,3-6 07:30,半球/一球,1.07
1109,3-6 07:45,半球/一球,1.07
1110,3-6 08:00,半球/一球,1.07
1111,3-6 08:15,半球/一球,1.07
1112,3-6 08:30,半球/一球,1.07
1113,3-6 08:45,半球/一球,1.07
1114,3-6 09:00,半球/一球,1.07
1115,3-6 09:15,半球/一球,1.07
1116,3-6 09:30,半球/一球,1.07
1117,3-6 09:45,半球/一球,1.07
1118,3-6 10:00,半球/一球,1.07
1119,3-6 10:15,半球/一球,1.07
1120,3-6 10:30,半球/一球,1.07
1121,3-6 10:45,半球/一球,1.07
1122,3-6 11:00,半球/一球,1.07
1123,3-6 11:15,半球/一球,1.07
1124,3-6 11:30,半球/一球,1.07
1125,3-6 11:45,半球/一球,1.07
1126,3-6 12:00,半球/一球,1.07
1127,3-6 12:15,半球/一球,1.07
1128,3-6 12:30,半球/一球,1.07
1129,3-6 12:45,半球/一球,1.07
1130,3-6 13:00,半球/一球,1.07
1131,3-6 13:15,半球/一球,1.07
1132,3-6 13:30,半球/一球,1.07
1133,3-6 13:45,半球/一球,1.07
1134,3-6 14:00,半球/一球,1.07
1135,3-6 14:15,半球/一球,1.07
1136,3-6 14:30,半球/一球,1.07
1137,3-6 14:45,半球/一球,1.07
1138,3-6 15:00,半球/一球,1.07
1139,3-6 15:15,半球/一球,1.07
1140,3-6 15:30,半球/一球,1.07
1141,3-6 15:45,半球/一球,1.07
1142,3-6 16:00,半球/一球,1.07
1143,3-6 16:15,半球/一球,1.07
1144,3-6 16:30,半球/一球,1.07
1145,3-6 16:45,半球/一球,1.07
1146,3-6 17:00,半球/一球,1.07
1147,3-6 17:03,半球,0.85
1148,3-6 17:15,半球,0.85
1149,3-6 17:30,半球,0.85
1150,3-6 17:45,半球,0.85
1151,3-6 18:00,半球,0.85
1152,3-6 18:15,半球,0.85
1153,3-6 18:30,半球,0.85
1154,3-6 18:45,半球,0.85
1155,3-6 18:51,半球,0.86
1156,3-6 19:00,半球,0.86
1157,3-6 19:15,半球,0.86
1158,3-6 19:30,半球,0.86
1159,3-6 19:45,半球,0.86
1160,3-6 20:00,半球,0.86
1161,3-6 20:15,半球,0.86
1162,3-6 20:30,半球,0.86
1163,3-6 20:45,半球,0.86
1164,3-6 21:00,半球,0.86
1165,3-6 21:01,半球,0.87
1166,3-6 21:15,半球,0.87
1167,3-6 21:30,半球,0.87
1168,3-6 21:45,半球,0.87
1169,3-6 22:00,半球,0.87
1170,3-6 22:15,半球,0.87
1171,3-6 22:30,半球,0.87
1172,3-6 22:45,半球,0.87
1173,3-6 22:49,半球,0.88
1174,3-6 23:00,半球,0.88
1175,3-6 23:10,半球,0.89
1176,3-6 23:15,半球,0.89
1177,3-6 23:30,半球,0.89
1178,3-6 23:45,半球,0.89
1179,3-7 00:00,半球,0.89
1180,3-7 00:15,半球,0.89
1181,3-7 00:15,半球,0.87
1182,3-7 00:30,半球,0.87
1183,3-7 00:45,半球,0.87
1184,3-7 01:00,半球,0.87
1185,3-7 01:15,半球,0.87
1186,3-7 01:30,半球,0.87
1187,3-7 01:45,半球,0.87
1188,3-7 02:00,半球,0.87
1189,3-7 02:15,半球,0.87
1190,3-7 02:30,半球,0.87
1191,3-7 02:45,半球,0.87
1192,3-7 03:00,半球,0.87
1193,3-7 03:15,半球,0.87
1194,3-7 03:30,半球,0.87
1195,3-7 03:45,半球,0.87
1196,3-7 04:00,半球,0.87
1197,3-7 04:15,半球,0.87
1198,3-7 04:30,半球,0.87
1199,3-7 04:45,半球,0.87
1200,3-7 05:00,半球,0.87
1201,3-7 05:15,半球,0.87
1202,3-7 05:30,半球,0.87
1203,3-7 05:45,半球,0.87
1204,3-7 05:47,半球,0.88
1205,3-7 06:00,半球,0.88
1206,3-7 06:15,半球,0.88
1207,3-7 06:30,半球,0.88
1208,3-7 06:45,半球,0.88
1209,3-7 07:00,半球,0.88
1210,3-7 07:15,半球,0.88
1211,3-7 07:30,半球,0.88
1212,3-7 07:45,半球,0.88
1213,3-7 08:00,半球,0.88
1214,3-7 08:15,半球,0.88
1215,3-7 08:30,半球,0.88
1216,3-7 08:45,半球,0.88
1217,3-7 09:00,半球,0.88
1218,3-7 09:15,半球,0.88
1219,3-7 09:30,半球,0.88
1220,3-7 09:45,半球,0.88
1221,3-7 10:00,半球,0.88
1222,3-7 10:15,半球,0.88
1223,3-7 10:30,半球,0.88
1224,3-7 10:45,半球,0.88
1225,3-7 11:00,半球,0.88
1226,3-7 11:15,半球,0.88
1227,3-7 11:30,半球,0.88
1228,3-7 11:45,半球,0.88
1229,3-7 12:00,半球,0.88
1230,3-7 12:15,半球,0.88
1231,3-7 12:30,半球,0.88
1232,3-7 12:45,半球,0.88
1233,3-7 13:00,半球,0.88
1234,3-7 13:15,半球,0.88
1235,3-7 13:30,半球,0.88
1236,3-7 13:45,半球,0.88
1237,3-7 14:00,半球,0.88
1238,3-7 14:15,半球,0.88
1239,3-7 14:30,半球,0.88
1240,3-7 14:45,半球,0.88
1241,3-7 15:00,半球,0.88
1242,3-7 15:15,半球,0.88
1243,3-7 15:30,半球,0.88
1244,3-7 15:45,半球,0.88
1245,3-7 16:00,半球,0.88
1246,3-7 16:15,半球,0.88
1247,3-7 16:30,半球,0.88
1248,3-7 16:35,半球,0.89
1249,3-7 16:45,半球,0.89
1250,3-7 17:00,半球,0.89
1251,3-7 17:15,半球,0.89
1252,3-7 17:21,半球,0.88
1253,3-7 17:30,半球,0.88
1254,3-7 17:45,半球,0.88
1255,3-7 18:00,半球,0.88
1256,3-7 18:08,半球,0.91
1257,3-7 18:15,半球,0.91
1258,3-7 18:30,半球,0.91
1259,3-7 18:45,半球,0.91
1260,3-7 18:53,半球,0.92
1261,3-7 19:00,半球,0.92
1262,3-7 19:15,半球,0.92
1263,3-7 19:30,半球,0.92
1264,3-7 19:45,半球,0.92
1265,3-7 20:00,半球,0.92
1266,3-7 20:15,半球,0.92
1267,3-7 20:30,半球,0.92
1268,3-7 20:45,半球,0.92
1269,3-7 20:45,半球,0.90
1270,3-7 21:00,半球,0.90
1271,3-7 21:15,半球,0.90
1272,3-7 21:30,半球,0.90
1273,3-7 21:45,半球,0.90
1274,3-7 21:46,半球,0.92
1275,3-7 22:00,半球,0.92
1276,3-7 22:15,半球,0.92
1277,3-7 22:30,半球,0.92
1278,3-7 22:45,半球,0.92
1279,3-7 23:00,半球,0.92
1280,3-7 23:15,半球,0.92
1281,3-7 23:30,半球,0.92
1282,3-7 23:45,半球,0.92
1283,3-8 00:00,半球,0.92
1284,3-8 00:15,半球,0.92
1285,3-8 00:30,半球,0.92
1286,3-8 00:45,半球,0.92
1287,3-8 01:00,半球,0.92
1288,3-8 01:15,半球,0.92
1289,3-8 01:30,半球,0.92
1290,3-8 01:45,半球,0.92
1291,3-8 02:00,半球,0.92
1292,3-8 02:15,半球,0.92
1293,3-8 02:21,半球,0.93
1294,3-8 02:30,半球,0.93
1295,3-8 02:45,半球,0.93
1296,3-8 03:00,半球,0.93
1297,3-8 03:15,半球,0.93
1298,3-8 03:30,半球,0.93
1299,3-8 03:45,半球,0.93
1300,3-8 04:00,半球,0.93
1301,3-8 04:15,半球,0.93
1302,3-8 04:19,半球,0.92
1303,3-8 04:30,半球,0.92
1304,3-8 04:45,半球,0.92
1305,3-8 05:00,半球,0.92
1306,3-8 05:15,半球,0.92
1307,3-8 05:30,半球,0.92
1308,3-8 05:42,半球,0.91
1309,3-8 05:45,半球,0.91
1310,3-8 05:57,半球,0.90
1311,3-8 06:00,半球,0.90
1312,3-8 06:11,半球,0.91
1313,3-8 06:15,半球,0.91
1314,3-8 06:30,半球,0.91
1315,3-8 06:45,半球,0.91
1316,3-8 07:00,半球,0.91
1317,3-8 07:15,半球,0.91
1318,3-8 07:30,半球,0.91
1319,3-8 07:45,半球,0.91
1320,3-8 08:00,半球,0.91
1321,3-8 08:08,半球,0.92
1322,3-8 08:15,半球,0.92
1323,3-8 08:21,半球,0.93
1324,3-8 08:30,半球,0.93
1325,3-8 08:45,半球,0.93
1326,3-8 09:00,半球,0.93
1327,3-8 09:15,半球,0.93
1328,3-8 09:30,半球,0.93
1329,3-8 09:45,半球,0.93
1330,3-8 10:00,半球,0.93
1331,3-8 10:10,半球,0.95
1332,3-8 10:12,半球,0.94
1333,3-8 10:13,半球,0.95
1334,3-8 10:15,半球,0.95
1335,3-8 10:19,半球,0.96
1336,3-8 10:21,半球,0.97
1337,3-8 10:30,半球,0.97
1338,3-8 10:35,半球,0.96
1339,3-8 10:45,半球,0.96
1340,3-8 11:00,半球,0.96
1341,3-8 11:15,半球,0.96
1342,3-8 11:30,半球,0.96
1343,3-8 11:45,半球,0.96
1344,3-8 12:00,半球,0.96
1345,3-8 12:10,半球,0.95
1346,3-8 12:14,半球,0.94
1347,3-8 12:15,半球,0.94
1348,3-8 12:30,半球,0.94
1349,3-8 12:31,半球,0.95
1350,3-8 12:35,半球,0.94
1351,3-8 12:45,半球,0.94
1352,3-8 13:00,半球,0.94
1353,3-8 13:15,半球,0.94
1354,3-8 13:30,半球,0.94
1355,3-8 13:30,半球,0.95
1356,3-8 13:38,半球,0.94
1357,3-8 13:45,半球,0.94
1358,3-8 13:58,半球,0.95
1359,3-8 14:00,半球,0.95
1360,3-8 14:15,半球,0.95
1361,3-8 14:30,半球,0.95
1362,3-8 14:45,半球,0.95
1363,3-8 15:00,半球,0.95
1364,3-8 15:15,半球,0.95
1365,3-8 15:30,半球,0.95
1366,3-8 15:45,半球,0.95
1367,3-8 16:00,半球,0.95
1368,3-8 16:15,半球,0.95
1369,3-8 16:17,半球,0.96
1370,3-8 16:30,半球,0.96
1371,3-8 16:38,半球,0.97
1372,3-8 16:43,半球,0.96
1373,3-8 16:45,半球,0.96
1374,3-8 16:55,半球,0.97
1375,3-8 17:00,半球,0.97
1376,3-8 17:14,半球,0.99
1377,3-8 17:15,半球,0.99
1378,3-8 17:18,半球,0.98
1379,3-8 17:20,半球,0.99
1380,3-8 17:30,半球,0.99
1381,3-8 17:45,半球,0.99
1382,3-8 18:00,半球,0.99
1383,3-8 18:04,半球,1.00
1384,3-8 18:15,半球,1.00
1385,3-8 18:30,半球,1.00
1386,3-8 18:45,半球,1.00
1387,3-8 18:54,半球,1.01
1388,3-8 19:00,半球,1.01
1389,3-8 19:15,半球,1.01
1390,3-8 19:23,半球,1.02
1391,3-8 19:25,半球,1.01
1392,3-8 19:30,半球,1.01
1393,3-8 19:34,半球,0.99
1394,3-8 19:43,半球,1.00
1395,3-8 19:45,半球,1.00
1396,3-8 20:00,半球,1.00
1397,3-8 20:04,半球,0.99
1398,3-8 20:09,半球,1.00
1399,3-8 20:15,半球,1.00
1400,3-8 20:15,半球,1.01
1401,3-8 20:17,半球,1.02
1402,3-8 20:30,半球,1.02
1403,3-8 20:45,半球,1.02
1404,3-8 20:49,半球,1.03
1405,3-8 20:51,半球,1.02
1406,3-8 20:53,半球,0.99
1407,3-8 20:55,半球,0.98
1408,3-8 20:58,半球,0.96
1409,3-8 21:00,半球,0.96
1410,3-8 21:02,半球,0.98
1411,3-8 21:03,半球,1.01
1412,3-8 21:07,半球,0.99
1413,3-8 21:09,半球,0.92
1414,3-8 21:11,半球,0.87
1415,3-8 21:15,半球,0.87
1416,3-8 21:15,半球,0.89
1417,3-8 21:22,半球,0.88
1418,3-8 21:24,半球,0.89
1419,3-8 21:26,半球,0.88
1420,3-8 21:30,半球,0.88
1421,3-8 21:30,半球,0.86
1422,3-8 21:45,半球,0.86
1423,3-8 22:00,半球,0.86
